SessionID,Date,Experiment,N_trials,SwapTypes,DelayedFieldColors,DepthSep_m,EyeCondition,Status,Notes,WriteUps
20251216_113727,2025-12-16,,7,,,,Binocular,DevTest,,
251217_0847,2025-12-17,,8,,,,Binocular,DevTest,,
251217_1101,2025-12-17,,6,,,,Binocular,DevTest,,
251217_1104,2025-12-17,,8,,,,Binocular,DevTest,,
251217_1137,2025-12-17,,12,,,,Binocular,DevTest,,
251217_1308,2025-12-17,,3,,,,Binocular,DevTest,,
251217_1556,2025-12-17,,3,,,,Binocular,DevTest,,
251217_1615,2025-12-17,,3,,,,Binocular,DevTest,,
251217_1629,2025-12-17,,3,,,,Binocular,DevTest,,
251218_1321,2025-12-18,,160,,,,Binocular,DevTest,,
251218_1507,2025-12-18,,6,,G/R,,Binocular,DevTest,,
251218_1514,2025-12-18,,17,,G/R,,Binocular,DevTest,,
251218_1633,2025-12-18,,325,,G/R,,Binocular,DevTest,Early long session (n=325); no exp name,
251219_1102,2025-12-19,,1,,R,,Binocular,DevTest,,
251219_1103,2025-12-19,,1,,R,,Binocular,DevTest,,
251219_1104,2025-12-19,,1,,R,,Binocular,DevTest,,
251219_1105,2025-12-19,,1,,R,,Binocular,DevTest,,
251219_1109,2025-12-19,,1,,R,,Binocular,DevTest,,
251219_1113,2025-12-19,,1,,R,,Binocular,DevTest,,
251219_1114,2025-12-19,,1,,R,,Binocular,DevTest,,
251219_1123,2025-12-19,,1,,R,,Binocular,DevTest,,
251219_1124,2025-12-19,,1,,R,,Binocular,DevTest,,
251219_1127,2025-12-19,,1,,R,,Binocular,DevTest,,
251219_1306,2025-12-19,,1,,R,,Binocular,DevTest,,
251219_1307,2025-12-19,,1,,R,,Binocular,DevTest,,
251219_1313,2025-12-19,,5,,G/R,,Binocular,DevTest,,
251219_1315,2025-12-19,,1,,R,,Binocular,DevTest,,
251219_1326,2025-12-19,,1,,R,,Binocular,DevTest,,
251219_1332,2025-12-19,,1,,R,,Binocular,DevTest,,
251219_1334,2025-12-19,,1,,R,,Binocular,DevTest,,
251219_1340,2025-12-19,,1,,R,,Binocular,DevTest,,
251219_1417,2025-12-19,,1,,R,,Binocular,DevTest,,
251219_1422,2025-12-19,,1,,R,,Binocular,DevTest,,
251219_1425,2025-12-19,,1,,R,,Binocular,DevTest,,
251219_1427,2025-12-19,,1,,R,,Binocular,DevTest,,
251219_1429,2025-12-19,,1,,R,,Binocular,DevTest,,
251219_1439,2025-12-19,,1,,R,,Binocular,DevTest,,
251219_2133,2025-12-19,,1,,R,,Binocular,DevTest,,
251220_0724,2025-12-20,,1,,R,,Binocular,DevTest,,
251220_0725,2025-12-20,,1,,R,,Binocular,DevTest,,
251220_0733,2025-12-20,,1,,R,,Binocular,DevTest,,
251222_1224,2025-12-22,,1,,R,,Binocular,DevTest,,
251222_1225,2025-12-22,,1,,R,,Binocular,DevTest,,
251222_1232,2025-12-22,,1,,R,,Binocular,DevTest,,
251222_1250,2025-12-22,,1,,R,,Binocular,DevTest,,
251222_1251,2025-12-22,,1,,R,,Binocular,DevTest,,
251222_1252,2025-12-22,,1,,R,,Binocular,DevTest,,
251222_1311,2025-12-22,,1,,R,,Binocular,DevTest,,
251222_1314,2025-12-22,,1,,R,,Binocular,DevTest,,
251222_1315,2025-12-22,,1,,R,,Binocular,DevTest,,
251222_1320,2025-12-22,,1,,R,,Binocular,DevTest,,
251222_1321,2025-12-22,,1,,R,,Binocular,DevTest,,
251222_1326,2025-12-22,,1,,R,,Binocular,DevTest,,
251222_1331,2025-12-22,,1,,R,,Binocular,DevTest,,
251222_1335,2025-12-22,,1,,R,,Binocular,DevTest,,
251222_1339,2025-12-22,,1,,R,,Binocular,DevTest,,
251222_1404,2025-12-22,,1,,R,,Binocular,DevTest,,
251222_1445,2025-12-22,,1,,R,,Binocular,DevTest,,
251222_1653,2025-12-22,,1,,R,,Binocular,DevTest,,
251222_1700,2025-12-22,,1,,R,,Binocular,DevTest,,
251222_2106,2025-12-22,,1,,R,,Binocular,DevTest,,
251223_0625,2025-12-23,,1,,R,,Binocular,DevTest,,
251223_0626,2025-12-23,,1,,R,,Binocular,DevTest,,
251223_0627,2025-12-23,,1,,R,,Binocular,DevTest,,
251223_0630,2025-12-23,,1,,R,,Binocular,DevTest,,
251223_0631,2025-12-23,,1,,R,,Binocular,DevTest,,
251223_0636,2025-12-23,,1,,R,,Binocular,DevTest,,
251223_0639,2025-12-23,,2,,R,,Binocular,DevTest,,
251223_0640,2025-12-23,,1,,R,,Binocular,DevTest,,
251223_0645,2025-12-23,,3,,G/R,,Binocular,DevTest,,
251223_0648,2025-12-23,,2,,R,,Binocular,DevTest,,
251223_0703,2025-12-23,,1,,R,,Binocular,DevTest,,
251223_0750,2025-12-23,,1,,R,,Binocular,DevTest,,
251223_0753,2025-12-23,,1,,R,,Binocular,DevTest,,
251223_0755,2025-12-23,,1,,R,,Binocular,DevTest,,
251223_0757,2025-12-23,,1,,R,,Binocular,DevTest,,
251223_0758,2025-12-23,,1,,R,,Binocular,DevTest,,
251223_0800,2025-12-23,,1,,R,,Binocular,DevTest,,
251223_0801,2025-12-23,,2,,R,,Binocular,DevTest,,
251223_0811,2025-12-23,,1,,R,,Binocular,DevTest,,
251223_0825,2025-12-23,,1,,R,,Binocular,DevTest,,
251223_0826,2025-12-23,,1,,R,,Binocular,DevTest,,
251223_1409,2025-12-23,,1,,R,,Binocular,DevTest,,
251223_1411,2025-12-23,,1,,R,,Binocular,DevTest,,
251223_1412,2025-12-23,,1,,R,,Binocular,DevTest,,
251223_1415,2025-12-23,,1,,R,,Binocular,DevTest,,
251223_1418,2025-12-23,,1,,R,,Binocular,DevTest,,
251223_1420,2025-12-23,,1,,R,,Binocular,DevTest,,
251223_1431,2025-12-23,,1,,R,,Binocular,DevTest,,
251223_1435,2025-12-23,,1,,R,,Binocular,DevTest,,
251223_1445,2025-12-23,,1,,R,,Binocular,DevTest,,
251223_1448,2025-12-23,,1,,R,,Binocular,DevTest,,
251223_1453,2025-12-23,,1,,R,,Binocular,DevTest,,
251226_1146,2025-12-26,,1,,R,,Binocular,DevTest,,
251226_1148,2025-12-26,,1,,R,,Binocular,DevTest,,
251226_1200,2025-12-26,,1,,R,,Binocular,DevTest,,
251226_1202,2025-12-26,,2,,R,,Binocular,DevTest,,
251227_1236,2025-12-27,,1,,R,,Binocular,DevTest,,
251227_1303,2025-12-27,,1,,R,,Binocular,DevTest,,
251227_1304,2025-12-27,,1,,R,,Binocular,DevTest,,
251227_1316,2025-12-27,,1,,R,,Binocular,DevTest,,
251227_1319,2025-12-27,,1,,R,,Binocular,DevTest,,
251227_1320,2025-12-27,,1,,R,,Binocular,DevTest,,
251227_1321,2025-12-27,,1,,R,,Binocular,DevTest,,
251227_1334,2025-12-27,,1,,R,,Binocular,DevTest,,
251227_1338,2025-12-27,,2,,R,,Binocular,DevTest,,
251227_1350,2025-12-27,,2,,R,,Binocular,DevTest,,
251227_1351,2025-12-27,,1,,R,,Binocular,DevTest,,
251227_1355,2025-12-27,,1,,R,,Binocular,DevTest,,
251227_1403,2025-12-27,,1,,R,,Binocular,DevTest,,
251228_0601,2025-12-28,,1,,R,,Binocular,DevTest,,
251228_0607,2025-12-28,,2,,R,,Binocular,DevTest,,
251228_0610,2025-12-28,,1,,R,,Binocular,DevTest,,
251228_0611,2025-12-28,,1,,R,,Binocular,DevTest,,
251228_0701,2025-12-28,,1,,R,,Binocular,DevTest,,
251228_0703,2025-12-28,,1,,R,,Binocular,DevTest,,
251228_0704,2025-12-28,,1,,R,,Binocular,DevTest,,
251228_0731,2025-12-28,,1,,R,,Binocular,DevTest,,
251228_0733,2025-12-28,,1,,R,,Binocular,DevTest,,
251228_0740,2025-12-28,,1,,R,,Binocular,DevTest,,
251228_0747,2025-12-28,,1,,R,,Binocular,DevTest,,
251228_0811,2025-12-28,,1,,R,,Binocular,DevTest,,
251228_0812,2025-12-28,,1,,R,,Binocular,DevTest,,
251228_0815,2025-12-28,,1,,R,,Binocular,DevTest,,
251228_0822,2025-12-28,,1,,R,,Binocular,DevTest,,
251228_0936,2025-12-28,,1,,R,,Binocular,DevTest,,
251228_0940,2025-12-28,,1,,R,,Binocular,DevTest,,
251228_0942,2025-12-28,,1,,R,,Binocular,DevTest,,
251228_0947,2025-12-28,,1,,R,,Binocular,DevTest,,
251228_0951,2025-12-28,,1,,R,,Binocular,DevTest,,
251228_1000,2025-12-28,,1,,R,,Binocular,DevTest,,
251228_1007,2025-12-28,,1,,R,,Binocular,DevTest,,
251228_1012,2025-12-28,,1,,R,,Binocular,DevTest,,
251228_1033,2025-12-28,,1,,R,,Binocular,DevTest,,
251228_1056,2025-12-28,,1,,R,,Binocular,DevTest,,
251228_1239,2025-12-28,,1,,R,,Binocular,DevTest,,
251228_1243,2025-12-28,,1,,R,,Binocular,DevTest,,
251230_1205,2025-12-30,,1,,R,,Binocular,DevTest,,
251230_1208,2025-12-30,,1,,R,,Binocular,DevTest,,
251230_1220,2025-12-30,,1,,R,,Binocular,DevTest,,
251230_1242,2025-12-30,,1,,R,,Binocular,DevTest,,
251230_1243,2025-12-30,,1,,R,,Binocular,DevTest,,
251231_0822,2025-12-31,,1,,R,,Binocular,DevTest,,
251231_0823,2025-12-31,,1,,R,,Binocular,DevTest,,
251231_0827,2025-12-31,,1,,R,,Binocular,DevTest,,
251231_0828,2025-12-31,,1,,R,,Binocular,DevTest,,
251231_0829,2025-12-31,,1,,R,,Binocular,DevTest,,
251231_0830,2025-12-31,,1,,R,,Binocular,DevTest,,
251231_0835,2025-12-31,,1,,R,,Binocular,DevTest,,
251231_0846,2025-12-31,,1,,R,,Binocular,DevTest,,
251231_0901,2025-12-31,,1,,R,,Binocular,DevTest,,
251231_0905,2025-12-31,,1,,R,,Binocular,DevTest,,
251231_0908,2025-12-31,,1,,R,,Binocular,DevTest,,
251231_0909,2025-12-31,,1,,R,,Binocular,DevTest,,
251231_1003,2025-12-31,,1,,R,,Binocular,DevTest,,
251231_1216,2025-12-31,,1,,R,,Binocular,DevTest,,
251231_1219,2025-12-31,,2,,R,,Binocular,DevTest,,
251231_1227,2025-12-31,,4,,G/R,,Binocular,DevTest,,
251231_1228,2025-12-31,,2,,R,,Binocular,DevTest,,
251231_1229,2025-12-31,,1,,R,,Binocular,DevTest,,
251231_1230,2025-12-31,,1,,R,,Binocular,DevTest,,
251231_1231,2025-12-31,,1,,R,,Binocular,DevTest,,
251231_1232,2025-12-31,,1,,R,,Binocular,DevTest,,
251231_1237,2025-12-31,,4,,G/R,,Binocular,DevTest,,
260105_1418,2026-01-05,,1,,R,,Binocular,DevTest,,
260105_1425,2026-01-05,,2,,R,,Binocular,DevTest,,
260105_1429,2026-01-05,,1,,R,,Binocular,DevTest,,
260105_1437,2026-01-05,,2,,R,,Binocular,DevTest,,
260105_1440,2026-01-05,,1,,R,,Binocular,DevTest,,
260105_1441,2026-01-05,,1,,R,,Binocular,DevTest,,
260105_1444,2026-01-05,,3,,G/R,,Binocular,DevTest,,
260105_1445,2026-01-05,,2,,R,,Binocular,DevTest,,
260105_1446,2026-01-05,,1,,R,,Binocular,DevTest,,
260105_1452,2026-01-05,,2,,R,,Binocular,DevTest,,
260105_1455,2026-01-05,,1,,R,,Binocular,DevTest,,
260105_1502,2026-01-05,,1,,R,,Binocular,DevTest,,
260105_1509,2026-01-05,,1,,R,,Binocular,DevTest,,
260105_1515,2026-01-05,,1,,R,,Binocular,DevTest,,
260105_1522,2026-01-05,,5,,G/R,,Binocular,DevTest,,
260105_1625,2026-01-05,,1,,R,,Binocular,DevTest,,
260105_1630,2026-01-05,,2,,R,,Binocular,DevTest,,
260105_1631,2026-01-05,,1,,R,,Binocular,DevTest,,
260105_2036,2026-01-05,,1,,R,,Binocular,DevTest,,
260105_2037,2026-01-05,,1,,R,,Binocular,DevTest,,
260105_2039,2026-01-05,,2,,R,,Binocular,DevTest,,
260105_2040,2026-01-05,,1,,R,,Binocular,DevTest,,
260105_2043,2026-01-05,,1,,R,,Binocular,DevTest,,
260105_2044,2026-01-05,,1,,R,,Binocular,DevTest,,
260105_2045,2026-01-05,,1,,R,,Binocular,DevTest,,
260105_2048,2026-01-05,,1,,R,,Binocular,DevTest,,
260105_2049,2026-01-05,,1,,R,,Binocular,DevTest,,
260105_2050,2026-01-05,,1,,R,,Binocular,DevTest,,
260106_0935,2026-01-06,,1,,R,,Binocular,DevTest,,
260106_0936,2026-01-06,,1,,R,,Binocular,DevTest,,
260106_1212,2026-01-06,,1,,R,,Binocular,DevTest,,
260106_1213,2026-01-06,,2,,R,,Binocular,DevTest,,
260106_1223,2026-01-06,,1,,R,,Binocular,DevTest,,
260106_1231,2026-01-06,,1,,R,,Binocular,DevTest,,
260106_1524,2026-01-06,,3,,G/R,,Binocular,DevTest,,
260106_1552,2026-01-06,,1,,R,,Binocular,DevTest,,
260106_1554,2026-01-06,,1,,R,,Binocular,DevTest,,
260106_1557,2026-01-06,,1,,R,,Binocular,DevTest,,
260106_1603,2026-01-06,,1,,R,,Binocular,DevTest,,
260106_1610,2026-01-06,,1,,R,,Binocular,DevTest,,
260106_1618,2026-01-06,,1,,R,,Binocular,DevTest,,
260106_1628,2026-01-06,,1,,R,,Binocular,DevTest,,
260106_1629,2026-01-06,,3,,G/R,,Binocular,DevTest,,
260106_2034,2026-01-06,,1,,R,,Binocular,DevTest,,
260106_2102,2026-01-06,,1,,R,,Binocular,DevTest,,
260106_2104,2026-01-06,,1,,R,,Binocular,DevTest,,
260106_2105,2026-01-06,,1,,R,,Binocular,DevTest,,
260106_2106,2026-01-06,,6,,G/R,,Binocular,DevTest,,
260107_0609,2026-01-07,,1,,R,,Binocular,DevTest,,
260107_0611,2026-01-07,,1,,R,,Binocular,DevTest,,
260107_0644,2026-01-07,,3,,G/R,,Binocular,DevTest,,
260107_0656,2026-01-07,,1,,R,,Binocular,DevTest,,
260107_0724,2026-01-07,,1,,R,,Binocular,DevTest,,
260107_0725,2026-01-07,,5,,G/R,,Binocular,DevTest,,
260107_0728,2026-01-07,,5,,G/R,,Binocular,DevTest,,
260107_0729,2026-01-07,,13,,G/R,,Binocular,DevTest,,
260107_0732,2026-01-07,,8,,G/R,,Binocular,DevTest,,
260107_0752,2026-01-07,,1,,R,,Binocular,DevTest,,
260107_0949,2026-01-07,,1,,R,,Binocular,DevTest,,
260107_0951,2026-01-07,,2,,R,,Binocular,DevTest,,
260107_0953,2026-01-07,,2,,R,,Binocular,DevTest,,
260107_0954,2026-01-07,,1,,R,,Binocular,DevTest,,
260107_1000,2026-01-07,,2,,R,,Binocular,DevTest,,
260107_1001,2026-01-07,,1,,R,,Binocular,DevTest,,
260107_1009,2026-01-07,,1,,R,,Binocular,DevTest,,
260107_1010,2026-01-07,,1,,R,,Binocular,DevTest,,
260107_1237,2026-01-07,,1,,R,,Binocular,DevTest,,
260107_1239,2026-01-07,,3,,G/R,,Binocular,DevTest,,
260107_1240,2026-01-07,,1,,R,,Binocular,DevTest,,
260107_1304,2026-01-07,,1,,R,,Binocular,DevTest,,
260107_1307,2026-01-07,,1,,R,,Binocular,DevTest,,
260107_1322,2026-01-07,,1,,R,,Binocular,DevTest,,
260107_1323,2026-01-07,,1,,R,,Binocular,DevTest,,
260107_1324,2026-01-07,,1,,R,,Binocular,DevTest,,
260107_1329,2026-01-07,,1,,R,,Binocular,DevTest,,
260107_1332,2026-01-07,,1,,R,,Binocular,DevTest,,
260107_1333,2026-01-07,,1,,R,,Binocular,DevTest,,
260107_1334,2026-01-07,,1,,R,,Binocular,DevTest,,
260107_1335,2026-01-07,,1,,R,,Binocular,DevTest,,
260107_1336,2026-01-07,,1,,R,,Binocular,DevTest,,
260107_1351,2026-01-07,,1,,R,,Binocular,DevTest,,
260107_1357,2026-01-07,,1,,R,,Binocular,DevTest,,
260107_1359,2026-01-07,,1,,R,,Binocular,DevTest,,
260107_1457,2026-01-07,,1,,R,,Binocular,DevTest,,
260107_1512,2026-01-07,,1,,R,,Binocular,DevTest,,
260107_1521,2026-01-07,,1,,R,,Binocular,DevTest,,
260107_1524,2026-01-07,,1,,R,,Binocular,DevTest,,
260107_1531,2026-01-07,,1,,R,,Binocular,DevTest,,
260107_1533,2026-01-07,,1,,R,,Binocular,DevTest,,
260107_1538,2026-01-07,,1,,R,,Binocular,DevTest,,
260107_1545,2026-01-07,,1,,R,,Binocular,DevTest,,
260107_1557,2026-01-07,,1,,R,,Binocular,DevTest,,
260107_1607,2026-01-07,,1,,R,,Binocular,DevTest,,
260107_1610,2026-01-07,,6,,G/R,,Binocular,DevTest,,
260107_1622,2026-01-07,,3,,G/R,,Binocular,DevTest,,
260107_1625,2026-01-07,,3,,G/R,,Binocular,DevTest,,
260107_1626,2026-01-07,,20,,G/R,,Binocular,DevTest,,
260108_0950,2026-01-08,,3,,G/R,,Binocular,DevTest,,
260108_1011,2026-01-08,,1,,R,,Binocular,DevTest,,
260108_1012,2026-01-08,,3,,G/R,,Binocular,DevTest,,
260108_1023,2026-01-08,,3,,G/R,,Binocular,DevTest,,
260108_1025,2026-01-08,,2,,R,,Binocular,DevTest,,
260108_1035,2026-01-08,,2,,R,,Binocular,DevTest,,
260108_1036,2026-01-08,,1,,R,,Binocular,DevTest,,
260108_1037,2026-01-08,,1,,R,,Binocular,DevTest,,
260108_1145,2026-01-08,,5,,G/R,,Binocular,DevTest,,
260108_1217,2026-01-08,,1,,R,,Binocular,DevTest,,
260108_1224,2026-01-08,,1,,R,,Binocular,DevTest,,
260108_1417,2026-01-08,,1,,R,,Binocular,DevTest,,
260108_1421,2026-01-08,,1,,R,,Binocular,DevTest,,
260109_1441,2026-01-09,,1,,R,,Binocular,DevTest,,
260109_1502,2026-01-09,,3,,G/R,,Binocular,DevTest,,
260109_1507,2026-01-09,,2,,R,,Binocular,DevTest,,
260109_1509,2026-01-09,,7,,G/R,,Binocular,DevTest,,
260109_1510,2026-01-09,,2,,R,,Binocular,DevTest,,
260109_1511,2026-01-09,,4,,G/R,,Binocular,DevTest,,
260109_1519,2026-01-09,,11,,G/R,,Binocular,DevTest,,
260109_1522,2026-01-09,,8,,G/R,,Binocular,DevTest,,
260110_0759,2026-01-10,,3,,G/R,,Binocular,DevTest,,
260110_1126,2026-01-10,,7,,G/R,,Binocular,DevTest,,
260110_1136,2026-01-10,,6,,G/R,,Binocular,DevTest,,
260110_1140,2026-01-10,,65,,G/R,,Binocular,DevTest,,
260110_1439,2026-01-10,,20,,G/R,,Binocular,DevTest,,
260111_1639,2026-01-11,,8,,G/R,,Binocular,DevTest,,
260111_1652,2026-01-11,,64,,G/R,,Binocular,DevTest,,
260112_1443,2026-01-12,,65,,G/R,,Binocular,DevTest,,
260113_2033,2026-01-13,,3,,R,,Binocular,DevTest,,
260114_0548,2026-01-14,,64,,G/R,,Binocular,DevTest,,
260114_0633,2026-01-14,,64,,G/R,,Binocular,DevTest,,
260114_0651,2026-01-14,,64,,G/R,,Binocular,DevTest,,
260114_0700,2026-01-14,,256,,G/R,,Binocular,DevTest,Largest pre-era session (n=256); no exp name,
260114_1143,2026-01-14,,1,,R,,Binocular,DevTest,,
260115_0809,2026-01-15,,1,,R,,Binocular,DevTest,,
260115_0925,2026-01-15,,1,,R,,Binocular,DevTest,,
260117_0623,2026-01-17,,15,,G/R,,Binocular,DevTest,,
260117_0629,2026-01-17,,65,,G/R,,Binocular,DevTest,,
260117_1047,2026-01-17,,3,,R,,Binocular,DevTest,,
260117_1110,2026-01-17,,5,,G/R,,Binocular,DevTest,,
260117_1345,2026-01-17,,7,,G/R,,Binocular,DevTest,,
260117_1349,2026-01-17,,5,,G/R,,Binocular,DevTest,,
260117_1353,2026-01-17,,8,,G/R,,Binocular,DevTest,,
260117_1405,2026-01-17,,65,,G/R,,Binocular,DevTest,,
260120_0750,2026-01-20,,1,,R,,Binocular,DevTest,,
260120_1134,2026-01-20,,1,,R,,Binocular,DevTest,,
260120_1135,2026-01-20,,3,,R,,Binocular,DevTest,,
260121_0807,2026-01-21,,4,,R,,Binocular,DevTest,,
260121_0814,2026-01-21,,1,,R,,Binocular,DevTest,,
260121_0937,2026-01-21,,4,,R,,Binocular,DevTest,,
260121_1102,2026-01-21,,3,,R,,Binocular,DevTest,,
260122_0738,2026-01-22,,64,,G/R,,Binocular,DevTest,,
260122_0956,2026-01-22,,64,,G/R,,Binocular,DevTest,,
260323_1052,2026-03-23,,1,,R,,Binocular,Aborted,,
260323_1053,2026-03-23,,11,,G/R,,Binocular,Aborted,,
260323_1055,2026-03-23,,6,,G/R,,Binocular,Aborted,,
260323_1056,2026-03-23,,1,,R,,Binocular,Aborted,,
260323_1057,2026-03-23,,5,,G/R,,Binocular,DevTest,,
260323_1113,2026-03-23,,1,,R,,Binocular,Aborted,,
260323_1115,2026-03-23,,1,,R,,Binocular,Aborted,,
260323_1208,2026-03-23,,1,,R,,Binocular,Aborted,,
260323_1209,2026-03-23,,19,,G/R,,Binocular,Aborted,,
260323_1212,2026-03-23,,3,,R,,Binocular,Aborted,,
260323_1340,2026-03-23,,1,,R,,Binocular,Aborted,,
260323_1341,2026-03-23,,1,,R,,Binocular,Aborted,,
260323_1342,2026-03-23,,3,,R,,Binocular,Aborted,,
260323_1424,2026-03-23,,3,,R,,Binocular,Aborted,,
260323_1531,2026-03-23,,1,,G,,Binocular,Aborted,,
260323_1534,2026-03-23,Baseline,64,,G/R,,Binocular,Active,Session 1; ExpSpecTestPhase asset,baseline_writeup_pages.py
260323_1552,2026-03-23,Baseline,64,,G/R,,Binocular,Active,Session 2,baseline_writeup_pages.py
260323_1620,2026-03-23,Baseline,64,,G/R,,Binocular,Active,Session 3,baseline_writeup_pages.py
260324_0716,2026-03-24,Baseline,64,N,G/R,,Binocular,Active,Session 4; cursor-jump issues noted,baseline_writeup_pages.py
260324_1009,2026-03-24,MotionSwap,3,M/N,G/R,,Binocular,Aborted,,
260324_1010,2026-03-24,MotionSwap,129,M/N,G/R,,Binocular,Active,100% motion swap; cueing 27.1pp→15.7pp,swap_writeup_pages.py
260325_1039,2026-03-25,Dots50Swap,129,D/N,G/R,,Binocular,Active,50% dot swap; cueing 30.4pp→34.4pp (no reduction),swap_writeup_pages.py
260325_1825,2026-03-25,DepthCheck_DelayedNear,10,N,G/R,,Binocular,Aborted,,
260325_1831,2026-03-25,DepthBaseline,129,N,G/R,0.10,Binocular,Active,Delayed field=Near; overall +27.5pp; Near=-4.9pp Far=+59.4pp,depth_baseline_writeup_pages.py
260325_1914,2026-03-25,DepthBaseline,129,N,G/R,0.10,Binocular,Active,Delayed field=Far; overall +8.6pp; Near=-46.9pp Far=+65.1pp,depth_baseline_writeup_pages.py
260325_2013,2026-03-25,DepthBaseline,131,N,G/R,0.03,Binocular,Active,Delayed field=Near; overall +16.6pp; depth barely perceptible,depth_baseline_writeup_pages.py
260326_0550,2026-03-26,DepthBothPlanes,128,N,G/R,0.10,Binocular,Active,N swap only; all dots Near; precursor to DepthSwap; not yet in write-up,
260326_0821,2026-03-26,DepthSwap,257,N/Z,G/R,0.10,Binocular,Active,N+Z swap conditions; 257 trials; precursor to ZdA/ZdB; not yet in write-up,
260330_1619,2026-03-30,DepthSwapCtrl_005m,2,N/ZdB,G,,Binocular,Aborted,,
260330_1634,2026-03-30,DepthSwapCtrl_005m,1,ZdA,G,,Binocular,Aborted,,
260330_1641,2026-03-30,,0,,,,Binocular,Aborted,,
260330_1649,2026-03-30,DepthSwapCtrl_005m,1,ZdB,G,,Binocular,Aborted,,
260330_1813,2026-03-30,DepthSwapCtrl_005m,1,ZdA,G,,Binocular,Aborted,,
260330_1821,2026-03-30,DepthSwapCtrl_005m,1,N,G,,Binocular,Aborted,,
260330_1827,2026-03-30,DepthSwapCtrl_005m,2,N/ZdB,G,,Binocular,Aborted,,
260330_1837,2026-03-30,DepthSwapCtrl_005m,2,N/ZdA,G,,Binocular,Aborted,,
260330_1844,2026-03-30,DepthSwapCtrl_005m,4,N/ZdA/ZdB,R,,Binocular,Aborted,,
260330_1853,2026-03-30,DepthSwapCtrl_005m,192,N/ZdA/ZdB,R,0.05,Binocular,Active,"Bino session 1; overall +34.3pp; N=+34pp**, ZdA=+12pp n.s., ZdB=+56pp***",depth_swapctrl_writeup_pages.py
260330_2012,2026-03-30,DepthSwapCtrl_005m,193,N/ZdA/ZdB,R,0.05,MonoR,Active,"MonoR session 1 (L eye closed, R eye active); overall +12.2pp",depth_swapctrl_writeup_pages.py
260331_0621,2026-03-31,DepthSwapCtrl_005m,192,N/ZdA/ZdB,R,0.05,Binocular,Active,Bino session 3,depth_swapctrl_writeup_pages.py
260331_1530,2026-03-31,DepthSwapCtrl_005m,192,N/ZdA/ZdB,R,0.05,MonoR,Active,"MonoR session 2 (L eye closed, R eye active)",depth_swapctrl_writeup_pages.py
260331_1705,2026-03-31,DepthSwapCtrl_005m,192,N/ZdA/ZdB,R,0.05,MonoL,Active,"MonoL session 1 (R eye closed, L eye active)",depth_swapctrl_writeup_pages.py
260331_1734,2026-03-31,DepthSwapCtrl_005m,192,N/ZdA/ZdB,R,0.05,MonoL,Active,"MonoL session 2 (R eye closed, L eye active); higher accuracy than R sessions",depth_swapctrl_writeup_pages.py
260401_1313,2026-04-01,DepthSwapCtrl_005m,192,N/ZdA/ZdB,R,0.05,Binocular,Active,Bino session 4,depth_swapctrl_writeup_pages.py
260401_1349,2026-04-01,DepthSwapCtrl_005m,192,N/ZdA/ZdB,R,0.05,Binocular,Active,Bino session 5,depth_swapctrl_writeup_pages.py
260401_1541,2026-04-01,DepthSwapCtrl_005m,192,N/ZdA/ZdB,R,0.05,Binocular,Fatigue,Bino session 6; 4th VR session same day; ~34% accuracy; excluded from main analysis,depth_swapctrl_writeup_pages.py
260401_1705,2026-04-01,DepthSwapCtrl_005m,192,N/ZdA/ZdB,R,0.05,Binocular,Fatigue,Bino session 7; 4th VR session same day; ~40% accuracy; excluded from main analysis,depth_swapctrl_writeup_pages.py
260402_0549,2026-04-02,DepthSwapCtrl_005m,1,ZdB,R,,Binocular,Aborted,,
260402_0610,2026-04-02,DepthParam_010m,3,N,G/R,,Binocular,Aborted,,
260402_0618,2026-04-02,DepthParam_010m,6,N,G/R,,Binocular,Aborted,,
260402_0624,2026-04-02,DepthParam_010m,128,N,G/R,0.10,Binocular,Active,DepthParam 0.10m session 1; overall +46.9pp; Near=-21.9pp Far=+46.9pp,depthparam_writeup_pages.py
260402_0656,2026-04-02,DepthParam_015m,128,N,G/R,0.15,Binocular,Active,DepthParam 0.15m session 1; overall +56.2pp; Near=-25.0pp Far=+46.9pp,depthparam_writeup_pages.py
260402_0716,2026-04-02,DepthParam_003m,128,N,G/R,0.03,Binocular,Active,DepthParam 0.03m session 1; overall +29.7pp; Near=+12.5pp Far=+46.9pp,depthparam_writeup_pages.py
260402_0757,2026-04-02,DepthParam_005m,128,N,G/R,0.05,Binocular,Active,DepthParam 0.05m session 1; overall +18.8pp; Near=-9.4pp Far=+46.9pp,depthparam_writeup_pages.py
260402_1559,2026-04-02,DepthParam_005m,4,N,G/R,,Binocular,Aborted,,
260404_0940,2026-04-04,DepthColorLinked_005m,256,ZdA/ZdB,G/R,,,NEW,,
260404_1123,2026-04-04,DepthColorLinked_005m,256,ZdA/ZdB,G/R,,,NEW,,
